{
  "n_near_miss": 22,
  "n_safe": 346,
  "near_miss_m": 2.0,
  "safe_m": 5.0,
  "A_novelty": {
    "normal_cluster": 1,
    "auc": 0.5105053191489362,
    "scores": [
      -1.843409776687622,
      -1.6133846044540405,
      -1.9587070941925049,
      -2.3617160320281982,
      -1.9339226484298706,
      -1.9905484914779663,
      -2.6065480709075928,
      -2.4340388774871826,
      -2.064761161804199,
      -2.023261070251465,
      -1.4347248077392578,
      -0.7570082545280457,
      -1.7140551805496216,
      -0.9778343439102173,
      -2.4385876655578613,
      -1.5741852521896362,
      -1.5302025079727173,
      -1.6540592908859253,
      -1.652384877204895,
      -1.366705060005188,
      -2.252138137817383,
      -1.9225045442581177,
      -2.4437673091888428,
      -1.5058510303497314,
      -2.1744167804718018,
      -2.282878875732422,
      -1.9729411602020264,
      -2.6191399097442627,
      -1.9789077043533325,
      -2.4651899337768555,
      -2.780867099761963,
      -2.6596031188964844,
      -2.0492234230041504,
      -1.3458805084228516,
      -1.6443005800247192,
      -0.8069517612457275,
      -1.163827896118164,
      -1.5086839199066162,
      -1.5024404525756836,
      -0.8846173882484436,
      -1.0642554759979248,
      -0.998210608959198,
      -0.9781309962272644,
      -0.6521738767623901,
      -1.318444013595581,
      -1.152561902999878,
      -0.9243344068527222,
      -1.0017021894454956,
      -1.3784077167510986,
      0.48546358942985535,
      -0.9567676186561584,
      -0.12641575932502747,
      -0.06712716072797775,
      -0.5290580987930298,
      -0.8941604495048523,
      -0.8661254048347473,
      0.5245104432106018,
      -0.3945290744304657,
      1.0938875675201416,
      -1.2696553468704224,
      -2.327763795852661,
      -1.8868112564086914,
      -2.006809949874878,
      -1.5258327722549438,
      -1.5112049579620361,
      -0.8208189606666565,
      -4.616397380828857,
      -1.597312569618225,
      -1.9804984331130981,
      -1.7777533531188965,
      -2.064610719680786,
      -0.06363631784915924,
      -1.9278507232666016,
      -1.0261744260787964,
      -1.2417235374450684,
      -1.8290947675704956,
      -0.7419739961624146,
      -2.075409412384033,
      -1.437981367111206,
      -1.955932378768921,
      -0.5123109221458435,
      -2.3328161239624023,
      -1.268815040588379,
      -0.7885251641273499,
      -2.3085591793060303,
      -1.580810308456421,
      -1.342261552810669,
      -1.7884273529052734,
      -2.43080472946167,
      -2.0822439193725586,
      -1.5063544511795044,
      -1.6879364252090454,
      -0.6594094038009644,
      -1.914649248123169,
      0.02677234262228012,
      -0.05427056550979614,
      -0.7727120518684387,
      -1.3766484260559082,
      -1.737744927406311,
      -1.0659210681915283,
      -1.3481709957122803,
      -4.709882736206055,
      -0.7142776846885681,
      -0.9073351621627808,
      -1.2487109899520874,
      -1.1815882921218872,
      -1.2052589654922485,
      -0.4835943877696991,
      -1.6072896718978882,
      -0.6646186113357544,
      -0.09341374784708023,
      -0.7013670802116394,
      -0.14568890631198883,
      -0.7415704727172852,
      -0.37306296825408936,
      -0.32919490337371826,
      -0.3460547626018524,
      -0.9375382661819458,
      -0.25625523924827576,
      -0.6923946142196655,
      -1.666527509689331,
      -1.4116899967193604,
      -1.1933362483978271,
      -1.7339946031570435,
      -1.8290818929672241,
      0.26021063327789307,
      -1.2996981143951416,
      -0.8073666095733643,
      -2.135338544845581,
      -1.9803879261016846,
      -1.5719882249832153,
      0.3535149395465851,
      -0.46045851707458496,
      0.24554292857646942,
      -0.04665769636631012,
      -0.25140106678009033,
      -0.7228015661239624,
      -0.37987297773361206,
      -0.26356205344200134,
      -0.17140211164951324,
      -0.3058261275291443,
      0.227304145693779,
      -1.3255983591079712,
      -1.2652344703674316,
      -1.043309211730957,
      -0.9341753721237183,
      -0.6414394974708557,
      -0.48285433650016785,
      0.03642594441771507,
      -0.5249695181846619,
      -2.0720791816711426,
      -0.4024573266506195,
      -1.8444117307662964,
      -0.8025637865066528,
      -0.2567497491836548,
      -1.0265856981277466,
      -0.8705652952194214,
      -2.2105705738067627,
      -0.0846761092543602,
      -0.260524183511734,
      0.24176025390625,
      -0.8222864270210266,
      -0.8063991665840149,
      -1.054332971572876,
      -0.976270854473114,
      1.097204566001892,
      0.8422017097473145,
      -0.7760157585144043,
      -0.6359970569610596,
      0.046488113701343536,
      -2.4521114826202393,
      -2.3242738246917725,
      -1.5056138038635254,
      -1.6912009716033936,
      -1.9547603130340576,
      -2.0662901401519775,
      -1.8999792337417603,
      -2.0590789318084717,
      -1.8041313886642456,
      -1.319514274597168,
      -0.8195464015007019,
      -1.5385255813598633,
      -0.2627556324005127,
      -1.044130563735962,
      -0.4368925094604492,
      -0.4967198669910431,
      -0.992015540599823,
      -1.5032446384429932,
      -1.8628129959106445,
      -0.9937636256217957,
      -2.58648419380188,
      -2.0553603172302246,
      -0.417810320854187,
      -0.636847734451294,
      -1.3807185888290405,
      -1.689159870147705,
      -0.32107067108154297,
      0.05558253079652786,
      -0.7913866639137268,
      -0.7958199381828308,
      -0.942009449005127,
      -1.1696850061416626,
      -1.8733540773391724,
      -1.6644266843795776,
      -1.5972139835357666,
      -1.7031148672103882,
      -2.178459882736206,
      -1.7110486030578613,
      -1.86165452003479,
      -0.5320414304733276,
      -0.3817584216594696,
      0.29797986149787903,
      -0.30024489760398865,
      -0.9263948202133179,
      -0.17328514158725739,
      -0.5931317806243896,
      -0.5137880444526672,
      -0.6559363603591919,
      -1.5866687297821045,
      -2.2064924240112305,
      -2.2768094539642334,
      -0.26042720675468445,
      -1.340549111366272,
      -0.2738340198993683,
      -0.82501620054245,
      -1.1317418813705444,
      -1.2564717531204224,
      -0.8017314076423645,
      -1.2762213945388794,
      -0.22321255505084991,
      -1.5232938528060913,
      -0.7460829019546509,
      -1.580095648765564,
      -1.4660663604736328,
      0.9772666096687317,
      0.1336323618888855,
      -0.8308734893798828,
      0.3018328845500946,
      -0.44801440834999084,
      -0.32545483112335205,
      0.4043956696987152,
      -0.9843150973320007,
      -0.6586592197418213,
      0.64608234167099,
      -2.852329969406128,
      -2.4517343044281006,
      -1.197713851928711,
      -1.6076182126998901,
      -2.4167633056640625,
      -2.3186607360839844,
      -2.1544189453125,
      -2.4049837589263916,
      -2.620694160461426,
      -2.7743821144104004,
      -2.7842514514923096,
      -2.4361817836761475,
      -3.100984573364258,
      -2.5089633464813232,
      -0.9878857731819153,
      -1.9401479959487915,
      -1.0338047742843628,
      -1.9457447528839111,
      -1.0872747898101807,
      -1.4345229864120483,
      -1.225096344947815,
      -2.120356321334839,
      -1.3553237915039062
    ],