{
  "best_k": 3,
  "n_on": 110,
  "n_off": 285,
  "raw_by_cluster": {
    "0": {
      "on_lat": 0.2290579355866393,
      "off_lat": 0.25507238222215534,
      "on_fwd": 2.7301723562359874,
      "off_fwd": 3.055716241846468
    },
    "1": {
      "on_lat": 0.2618812088432292,
      "off_lat": 0.27105435319163446,
      "on_fwd": 3.1080059230318633,
      "off_fwd": 3.430239583140165
    },
    "2": {
      "on_lat": 0.2637356747827793,
      "off_lat": 0.24808318486820968,
      "on_fwd": 3.6553244478998757,
      "off_fwd": 4.3909941405117605
    }
  },
  "counterfactual_effect_by_cluster": {
    "0": {
      "d_lat": -0.13415166243792973,
      "d_fwd": -0.9808358333388068,
      "n": 35
    },
    "1": {
      "d_lat": -0.09745064475958844,
      "d_fwd": -0.9315735310978791,
      "n": 48
    },
    "2": {
      "d_lat": -0.0703878701674746,
      "d_fwd": -1.1036900891077939,
      "n": 27
    }
  },
  "example_trial": "s01_s1_2019_11_26_14_44_25",
  "note": "eHMI ON/OFF only (L/R entangled w/ car maneuver); counterfactual is model-dependent (SCM assumption), not point-validatable."
}