{
  "best_k": 3,
  "silhouette": {
    "2": 0.14157487452030182,
    "3": 0.14590084552764893,
    "4": 0.12387891113758087
  },
  "user_cluster": {
    "1": 2,
    "2": 1,
    "3": 2,
    "4": 0,
    "5": 0,
    "6": 0,
    "7": 0,
    "8": 2,
    "9": 1,
    "10": 1,
    "11": 1,
    "12": 2,
    "13": 2,
    "14": 1,
    "15": 1,
    "16": 0,
    "17": 1,
    "18": 0,
    "19": 1,
    "20": 0
  },
  "profiles": {
    "0": {
      "n_users": 7,
      "cross_speed": 0.10696093784362204,
      "lat_evasion": 0.005777987048738838,
      "eHMI_compliance": 0.17142857142857143,
      "safety": 4.742857142857142
    },
    "1": {
      "n_users": 8,
      "cross_speed": 0.12299103483226624,
      "lat_evasion": 0.005922243966428447,
      "eHMI_compliance": 0.15000000000000002,
      "safety": 4.825
    },
    "2": {
      "n_users": 5,
      "cross_speed": 0.15085800602946722,
      "lat_evasion": 0.0053583215483929995,
      "eHMI_compliance": 0.13333333333333336,
      "safety": 4.61
    }
  },
  "identification_top1": 0.75,
  "typing_acc": 0.8,
  "traits": {
    "1": {
      "cross_speed": 0.18622006177149153,
      "lat_evasion": 0.0036464275017776392,
      "eHMI_compliance": 0.1,
      "safety": 5.2
    },
    "2": {
      "cross_speed": 0.09702088165501355,
      "lat_evasion": 0.004043166222277917,
      "eHMI_compliance": 0.1,
      "safety": 5.0
    },
    "3": {
      "cross_speed": 0.19005645477563088,
      "lat_evasion": 0.003725876474304181,
      "eHMI_compliance": 0.06666666666666667,
      "safety": 4.0
    },
    "4": {
      "cross_speed": 0.005799279802459052,
      "lat_evasion": 0.00681255272501514,
      "eHMI_compliance": 0.2,
      "safety": 4.5
    },
    "5": {
      "cross_speed": 0.13837341369261574,
      "lat_evasion": 0.004680489967453652,
      "eHMI_compliance": 0.2,
      "safety": 4.0
    },
    "6": {
      "cross_speed": 0.1463231452805609,
      "lat_evasion": 0.005514668421793023,
      "eHMI_compliance": 0.25,
      "safety": 5.85
    },
    "7": {
      "cross_speed": 0.0035931483968306525,
      "lat_evasion": 0.006380981644975422,
      "eHMI_compliance": 0.1,
      "safety": 6.05
    },
    "8": {
      "cross_speed": 0.13084986539617877,
      "lat_evasion": 0.007031466157577917,
      "eHMI_compliance": 0.3,
      "safety": 3.9
    },
    "9": {
      "cross_speed": 0.004458658445204421,
      "lat_evasion": 0.007694793269510181,
      "eHMI_compliance": 0.15,
      "safety": 4.0
    },
    "10": {
      "cross_speed": 0.026775463965590822,
      "lat_evasion": 0.005885657358060099,
      "eHMI_compliance": 0.2,
      "safety": 5.2
    },
    "11": {
      "cross_speed": 0.10343784509235157,
      "lat_evasion": 0.0064903691738086924,
      "eHMI_compliance": 0.2,
      "safety": 5.05
    },
    "12": {
      "cross_speed": 0.10209041157769753,
      "lat_evasion": 0.007130898493342314,
      "eHMI_compliance": 0.05,
      "safety": 4.4
    },
    "13": {
      "cross_speed": 0.14507323662633748,
      "lat_evasion": 0.005256939114962949,
      "eHMI_compliance": 0.15,
      "safety": 5.55
    },
    "14": {
      "cross_speed": 0.18328331092870193,
      "lat_evasion": 0.005117879013984496,
      "eHMI_compliance": 0.15,
      "safety": 4.0
    },
    "15": {
      "cross_speed": 0.20988173386027958,
      "lat_evasion": 0.007182328197494326,
      "eHMI_compliance": 0.15,
      "safety": 3.65
    },
    "16": {
      "cross_speed": 0.13086254704274264,
      "lat_evasion": 0.006008766782837777,
      "eHMI_compliance": 0.2,
      "safety": 3.9
    },
    "17": {
      "cross_speed": 0.13037997926307984,
      "lat_evasion": 0.0052920554750590185,
      "eHMI_compliance": 0.1,
      "safety": 5.6
    },
    "18": {
      "cross_speed": 0.16600553704730794,
      "lat_evasion": 0.007304536700330115,
      "eHMI_compliance": 0.1,
      "safety": 4.4
    },
    "19": {
      "cross_speed": 0.22869040544790825,
      "lat_evasion": 0.005671703021232838,
      "eHMI_compliance": 0.15,
      "safety": 6.1
    },
    "20": {
      "cross_speed": 0.15776949364283727,
      "lat_evasion": 0.0037439130987667315,
      "eHMI_compliance": 0.15,
      "safety": 4.5
    }
  }
}