{
  "k_list": [
    0,
    1,
    2,
    3,
    5,
    8
  ],
  "embed": {
    "1": {
      "0": -1.7225956618735097,
      "1": -2.2904879769484308,
      "2": -2.32257783125921,
      "3": -2.3177419654403977,
      "5": -2.275077667761757,
      "8": -2.3550414611448924,
      "oracle": -2.753164055846534
    },
    "2": {
      "0": -2.465420448579797,
      "1": -2.5780761853363945,
      "2": -2.590234186223261,
      "3": -2.645063105513063,
      "5": -2.6695473602224506,
      "8": -2.6699436239238223,
      "oracle": -2.9964073552166224
    },
    "3": {
      "0": -2.015629601449955,
      "1": -2.3386503503740763,
      "2": -2.2931449758469604,
      "3": -2.296911188267689,
      "5": -2.4288232392737914,
      "8": -2.08733755710503,
      "oracle": -2.8632261388442095
    },
    "4": {
      "0": -0.8262361590106101,
      "1": -0.7037494878838301,
      "2": -0.8963565078723864,
      "3": -0.9728264188697561,
      "5": -0.9240406147015703,
      "8": -0.9781880888000604,
      "oracle": -1.3721577789510215
    },
    "5": {
      "0": -2.4380328190025957,
      "1": -2.4555207523707434,
      "2": -2.4976123289720547,
      "3": -2.4537290711649526,
      "5": -2.3932781370026537,
      "8": -2.5175866891701193,
      "oracle": -2.8259497309132056
    },
    "6": {
      "0": -1.6196932025056014,
      "1": -1.7768140413006,
      "2": -1.898535008980699,
      "3": -1.9289714726036156,
      "5": -1.8594491263373933,
      "8": -1.9150149845660487,
      "oracle": -2.296219708384501
    },
    "7": {
      "0": -1.1144080149933213,
      "1": -1.14876841601849,
      "2": -1.2650986663579469,
      "3": -1.146212327536413,
      "5": -1.3565822207647813,
      "8": -1.4051403467427044,
      "oracle": -1.8251730183852377
    },
    "8": {
      "0": -1.0294640213100241,
      "1": -1.274103253474095,
      "2": -1.3683489418532204,
      "3": -1.2263084156364228,
      "5": -1.4413399802285547,
      "8": -1.2872393629757328,
      "oracle": -1.8018448437302248
    },
    "9": {
      "0": -0.2851163405082422,
      "1": -0.31236370270109776,
      "2": -0.21823478020617645,
      "3": -0.2593194973984985,
      "5": -0.3579163760787,
      "8": -0.38967580910069355,
      "oracle": -0.7368549564935772
    },
    "10": {
      "0": -0.17846531060279802,
      "1": -0.38306995998157917,
      "2": -0.3830350584565098,
      "3": -0.3490333276685617,
      "5": -0.4958717121191092,
      "8": -0.44253953004970076,
      "oracle": -0.8252982082678285
    },
    "11": {
      "0": -0.2941353867037163,
      "1": -1.0478361913007035,
      "2": -1.0067068217210398,
      "3": -0.970017472566462,
      "5": -1.0262362958971785,
      "8": -1.029297940286119,
      "oracle": -1.4201447962185294
    },
    "12": {
      "0": -0.6424682704992076,
      "1": -0.8647348366551215,
      "2": -0.8589952655981149,
      "3": -0.9025480882642389,
      "5": -0.8177447413983723,
      "8": -0.9490931966933047,
      "oracle": -1.3561939060462933
    },
    "13": {
      "0": -1.700451899463801,
      "1": -1.996256475298648,
      "2": -2.059260930853638,
      "3": -1.971796674783463,
      "5": -1.9509615582400734,
      "8": -1.8854423343755438,
      "oracle": -2.3495403981176723
    },
    "14": {
      "0": -0.9772689683096749,
      "1": -1.3817022139891604,
      "2": -1.5762748277237784,
      "3": -1.9336608659850782,
      "5": -1.570835224194388,
      "8": -1.9441767448652125,
      "oracle": -2.1154850096929643
    },
    "15": {
      "0": -0.20173024581451768,
      "1": -0.5702087593910464,
      "2": -0.5947198295996896,
      "3": -0.5851058965528984,
      "5": -0.6788892299878263,
      "8": -0.6750612780290884,
      "oracle": -0.8998982622291747
    },
    "16": {
      "0": -1.2595673956782394,
      "1": -1.2881215629453495,
      "2": -1.2431799394844487,
      "3": -1.2966541835411063,
      "5": -1.2873690968039933,
      "8": -1.494993884387311,
      "oracle": -1.6503629328175757
    },
    "17": {
      "0": -1.7239363116108857,
      "1": -1.6962978712746717,
      "2": -1.7755914930451713,
      "3": -1.739823649000229,
      "5": -1.7792965972544674,
      "8": -1.748178576368342,
      "oracle": -2.1783399796256244
    },
    "18": {
      "0": -0.15770048533295108,
      "1": -0.7253453623697226,
      "2": -0.784213306654909,
      "3": -0.8361657912052244,
      "5": -0.783394162467994,
      "8": -0.8748521922204135,
      "oracle": -1.2569590703633235
    },
    "19": {
      "0": -2.2663975667442333,
      "1": -2.4368470427162627,
      "2": -2.466481786702471,
      "3": -2.4692276661132886,
      "5": -2.4205440801349423,
      "8": -2.394355865559366,
      "oracle": -2.8701368159575997
    },
    "20": {
      "0": -2.10146705619402,
      "1": -2.356792038556638,
      "2": -2.327039562504522,
      "3": -2.389410244007884,
      "5": -2.4185368656704216,
      "8": -2.337797215473644,
      "oracle": -3.0922436514862137
    }
  },
  "meta": {
    "1": {
      "0": -1.6641141891154616,
      "1": -0.08823884481638221,
      "2": 0.171049174614153,
      "3": 0.5030938709303123,
      "5": -0.5613574519598602,
      "8": -0.9628940767504345
    },
    "2": {
      "0": -1.7692500241766136,
      "1": 0.39679489745110286,
      "2": 0.2817407071754524,
      "3": 0.07560167856998777,
      "5": -1.0261399167820506,
      "8": -0.8842742466504706
    },
    "3": {
      "0": -1.5290685976539053,
      "1": -0.9142252249873799,
      "2": -1.6466037116746701,
      "3": -1.051907537581618,
      "5": -1.462519545149088,
      "8": -1.0756191423073507
    },
    "4": {
      "0": -0.1787109994975056,
      "1": 0.5020640971757219,
      "2": 0.5000566486006189,
      "3": -0.16009870491444758,
      "5": 0.04291252283846806,
      "8": -0.12681611720399968
    },
    "5": {
      "0": -0.7235348545831903,
      "1": -0.008193001825880099,
      "2": 0.23916905758060678,
      "3": 0.06500454958839967,
      "5": -0.3488759935084713,
      "8": -0.8700081149298619
    },
    "6": {
      "0": -1.1319274376359985,
      "1": -0.787784006794782,
      "2": -0.7910609837215531,
      "3": -0.381579908478241,
      "5": -0.9526445205901912,
      "8": -0.8782658393304583
    }
  },
  "oracle": {
    "1": -2.753164055846534,
    "2": -2.9964073552166224,
    "3": -2.8632261388442095,
    "4": -1.3721577789510215,
    "5": -2.8259497309132056,
    "6": -2.296219708384501,
    "7": -1.8251730183852377,
    "8": -1.8018448437302248,
    "9": -0.7368549564935772,
    "10": -0.8252982082678285,
    "11": -1.4201447962185294,
    "12": -1.3561939060462933,
    "13": -2.3495403981176723,
    "14": -2.1154850096929643,
    "15": -0.8998982622291747,
    "16": -1.6503629328175757,
    "17": -2.1783399796256244,
    "18": -1.2569590703633235,
    "19": -2.8701368159575997,
    "20": -3.0922436514862137
  },
  "meta_users": [
    1,
    2,
    3,
    4,
    5,
    6
  ]
}